<?xml version="1.0" encoding="UTF-8"?>
<con:soapui-project id="fa28d97a-53e6-4365-ae33-5cd2fea213e6" created="3.3.0" activeEnvironment="Default environment" name="REST Project 2" resourceRoot="" updated="3.3.0 2020-06-26T16:21:32Z" encryptionMode="Not encrypted" xmlns:con="http://eviware.com/soapui/config">
  <con:settings/>
  <con:interface xsi:type="con:RestService" id="f69a0e6b-c854-4167-97ea-fc8eba713e0c" wadlVersion="http://wadl.dev.java.net/2009/02" name="http://www.datasciencetoolkit.org" type="rest" xmlns:xsi="http://www.w3.org/2001/XMLSchema-instance">
    <con:settings/>
    <con:definitionCache type="TEXT" rootPart=""/>
    <con:endpoints>
      <con:endpoint>http://www.datasciencetoolkit.org</con:endpoint>
    </con:endpoints>
    <con:resource name="Json" path="/maps/api/geocode/json" id="8ffb0d79-c972-4de5-99c8-5f873541c12e">
      <con:settings/>
      <con:parameters/>
      <con:method name="Json" id="2f08659b-3d2e-4737-a78c-c39eb2f0d733" method="GET">
        <con:settings/>
        <con:parameters>
          <con:parameter required="true">
            <con:name>address</con:name>
            <con:value/>
            <con:style>QUERY</con:style>
            <con:default/>
            <con:path xsi:nil="true"/>
            <con:description xsi:nil="true"/>
          </con:parameter>
        </con:parameters>
        <con:representation type="RESPONSE">
          <con:mediaType xsi:nil="true"/>
          <con:status>0</con:status>
          <con:params/>
          <con:element>data</con:element>
        </con:representation>
        <con:representation type="RESPONSE">
          <con:mediaType>application/json</con:mediaType>
          <con:status>200</con:status>
          <con:params/>
          <con:element xmlns:json="http://www.datasciencetoolkit.org/maps/api/geocode/json">json:Response</con:element>
        </con:representation>
        <con:request name="Request 1" id="2a5b4be7-8116-4868-9c11-c319f912f4a8" mediaType="application/json">
          <con:settings/>
          <con:endpoint>http://www.datasciencetoolkit.org</con:endpoint>
          <con:credentials>
            <con:selectedAuthProfile>No Authorization</con:selectedAuthProfile>
            <con:authType>No Authorization</con:authType>
          </con:credentials>
          <con:parameters>
            <con:entry key="address" value=""/>
          </con:parameters>
          <con:parameterOrder>
            <con:entry>address</con:entry>
          </con:parameterOrder>
        </con:request>
      </con:method>
    </con:resource>
  </con:interface>
  <con:testSuite id="eedda110-6921-45be-9978-34c8dc0441fa" name="http://www.datasciencetoolkit.org TestSuite">
    <con:settings/>
    <con:savedRecentRuns>1</con:savedRecentRuns>
    <con:runType>SEQUENTIAL</con:runType>
    <con:testCase id="06a22a74-a7f1-4816-90a2-bd4a0e9a3c4b" discardOkResults="false" failOnError="true" failTestCaseOnErrors="true" keepSession="false" name="http://www.datasciencetoolkit.org TestCase 1" searchProperties="true" timeout="0">
      <con:settings/>
      <con:savedRecentRuns>1</con:savedRecentRuns>
      <con:testStep type="datasource" name="DataSource" id="9b9b8cad-8aa9-49c2-a352-7f95b8adba27">
        <con:settings/>
        <con:config xsi:type="con:DataSourceStep" xmlns:xsi="http://www.w3.org/2001/XMLSchema-instance">
          <con:dataSource type="File">
            <con:configuration>
              <fileName>C:/Users/IncharaRamesh/Desktop/readyapitextfile.txt</fileName>
              <separator>:</separator>
              <trim>true</trim>
              <charset>Cp1252</charset>
              <quotedValues>false</quotedValues>
            </con:configuration>
          </con:dataSource>
          <con:shared>true</con:shared>
          <con:restartShared>true</con:restartShared>
          <con:property>address</con:property>
          <con:property>Expected result</con:property>
          <con:property>10</con:property>
          <con:restartOnRun>true</con:restartOnRun>
        </con:config>
      </con:testStep>
      <con:testStep type="restrequest" name="Request 1" id="25bd2dc7-665b-4b19-8bcb-a1e3b51631a9">
        <con:settings/>
        <con:config service="http://www.datasciencetoolkit.org" resourcePath="/maps/api/geocode/json" methodName="Json" xsi:type="con:RestRequestStep" xmlns:xsi="http://www.w3.org/2001/XMLSchema-instance">
          <con:restRequest name="Request 1" id="2a5b4be7-8116-4868-9c11-c319f912f4a8" mediaType="application/json">
            <con:settings>
              <con:setting id="com.eviware.soapui.impl.wsdl.WsdlRequest@request-headers">&lt;xml-fragment/></con:setting>
            </con:settings>
            <con:endpoint>http://www.datasciencetoolkit.org</con:endpoint>
            <con:request/>
            <con:originalUri>http://www.datasciencetoolkit.org/maps/api/geocode/json</con:originalUri>
            <con:assertion type="JsonPath Match" id="99e3efbf-a377-457c-a3e9-09a11a802436" name="JSONPath Match">
              <con:configuration>
                <path>$['results'][0]['address_components'][0]['short_name']</path>
                <content>${DataSource#address}</content>
                <allowWildcards>false</allowWildcards>
                <ignoreNamspaceDifferences>false</ignoreNamspaceDifferences>
                <ignoreComments>false</ignoreComments>
              </con:configuration>
            </con:assertion>
            <con:credentials>
              <con:selectedAuthProfile>No Authorization</con:selectedAuthProfile>
              <con:authType>No Authorization</con:authType>
            </con:credentials>
            <con:jmsConfig JMSDeliveryMode="PERSISTENT"/>
            <con:parameters>
              <con:entry key="address" value="${DataSource#address}"/>
            </con:parameters>
            <con:parameterOrder>
              <con:entry>address</con:entry>
            </con:parameterOrder>
          </con:restRequest>
        </con:config>
      </con:testStep>
      <con:testStep type="datasourceloop" name="DataSource Loop" id="d8f3ebec-32bc-4363-b49c-2c526d96a311">
        <con:settings/>
        <con:config>
          <dataSourceStep>DataSource</dataSourceStep>
          <targetStep>Request 1</targetStep>
          <discardResults>true</discardResults>
        </con:config>
      </con:testStep>
      <con:properties/>
      <con:reportParameters/>
    </con:testCase>
    <con:properties/>
    <con:reportParameters/>
  </con:testSuite>
  <con:requirements/>
  <con:properties/>
  <con:wssContainer/>
  <con:databaseConnectionContainer/>
  <con:jmsConnectionContainer/>
  <con:oAuth2ProfileContainer/>
  <con:oAuth1ProfileContainer/>
  <con:reporting>
    <con:reportTemplates/>
    <con:xmlTemplates/>
    <con:xmlTemplates/>
    <con:parameters/>
    <con:parameters/>
  </con:reporting>
  <con:reporting/>
  <con:eventHandlers type="RequestFilter.filterRequest" name="RequestFilter.filterRequest">
    <con:script>// Sample event script to add custom HTTP header to all outgoing REST, SOAP and HTTP(S) calls
// This code is often used for adding custom authentication to SoapUI Pro tests

// If hardcoding the token, uncomment and change line 5
// token = '4567'

// If your token is parameterized in Project level custom property, uncomment line 8
// token = request.parent.testCase.testSuite.project.getProperty('auth_token').getValue()

// To modify all outgoing calls, remove comments from lines 11 to 16
// headers = request.requestHeaders
// if (headers.containsKey('auth_token2') == false) {
//   headers.put('auth_token2', token)
//   request.requestHeaders = headers
// }</con:script>
  </con:eventHandlers>
  <con:eventHandlers type="TestRunListener.afterStep" name="TestRunListener.afterStep">
    <con:script>// Save all test step results into files
// Change the directory path in line 5 to a location where you want to store details
// then uncomment lines 5 to 10

// filePath = 'C:\\tempOutputDirectory\\'
// fos = new java.io.FileOutputStream(filePath + testStepResult.testStep.label + '.txt', true)
// pw = new java.io.PrintWriter(fos)
// testStepResult.writeTo(pw)
// pw.close()
// fos.close()</con:script>
  </con:eventHandlers>
  <con:authRepository/>
  <con:tags/>
</con:soapui-project>
