<?xml version="1.0" encoding="UTF-8"?>
<con:soapui-project id="d64a3db5-b5e0-4d11-bac8-c982a784213d" created="3.3.0" activeEnvironment="Default environment" name="REST Project 4" updated="3.3.0 2020-06-26T16:21:32Z" encryptionMode="Not encrypted" xmlns:con="http://eviware.com/soapui/config">
  <con:settings/>
  <con:interface xsi:type="con:RestService" id="4c8a8f9d-813b-457f-ab21-2bc59152ccb2" wadlVersion="http://wadl.dev.java.net/2009/02" name="https://petstore.swagger.io" type="rest" xmlns:xsi="http://www.w3.org/2001/XMLSchema-instance">
    <con:settings/>
    <con:definitionCache type="TEXT" rootPart=""/>
    <con:endpoints>
      <con:endpoint>https://petstore.swagger.io</con:endpoint>
    </con:endpoints>
    <con:resource name="Pet" path="/v2/pet/{petID}" id="dbb987e1-7d9b-45f0-913d-d6a964700c99">
      <con:settings/>
      <con:parameters>
        <con:parameter>
          <con:name>P</con:name>
          <con:style>QUERY</con:style>
        </con:parameter>
        <con:parameter>
          <con:name>petID</con:name>
          <con:style>QUERY</con:style>
        </con:parameter>
      </con:parameters>
      <con:method name="Pet" id="00edba74-815f-47b9-a4be-aa1955f94159" method="DELETE">
        <con:settings/>
        <con:parameters/>
        <con:representation type="RESPONSE">
          <con:mediaType>application/json</con:mediaType>
          <con:status>200</con:status>
          <con:params/>
          <con:element xmlns:pet="https://petstore.swagger.io/v2/pet">pet:Response</con:element>
        </con:representation>
        <con:representation type="REQUEST">
          <con:mediaType>application/json</con:mediaType>
          <con:params/>
        </con:representation>
        <con:representation type="FAULT">
          <con:mediaType>application/json</con:mediaType>
          <con:status>400</con:status>
          <con:params/>
          <con:element xmlns:pet="https://petstore.swagger.io/v2/pet">pet:Fault</con:element>
        </con:representation>
        <con:representation type="FAULT">
          <con:mediaType>text/html</con:mediaType>
          <con:status>405</con:status>
          <con:params/>
          <con:element>html</con:element>
        </con:representation>
        <con:request name="Request 1" id="230416a6-0898-4684-b586-09f73eab2ff1" mediaType="application/json" postQueryString="false">
          <con:settings>
            <con:setting id="com.eviware.soapui.impl.wsdl.WsdlRequest@request-headers">&lt;xml-fragment/></con:setting>
          </con:settings>
          <con:endpoint>https://petstore.swagger.io</con:endpoint>
          <con:request/>
          <con:credentials>
            <con:selectedAuthProfile>No Authorization</con:selectedAuthProfile>
            <con:authType>No Authorization</con:authType>
          </con:credentials>
          <con:jmsConfig JMSDeliveryMode="PERSISTENT"/>
          <con:parameters/>
          <con:parameterOrder/>
        </con:request>
        <con:request name="Delete Request" id="df5a4e51-9113-4f3d-ac2f-06070e3e93e0" mediaType="application/json" postQueryString="false">
          <con:settings/>
          <con:endpoint>https://petstore.swagger.io</con:endpoint>
          <con:request/>
          <con:credentials>
            <con:selectedAuthProfile>No Authorization</con:selectedAuthProfile>
            <con:authType>No Authorization</con:authType>
          </con:credentials>
          <con:jmsConfig JMSDeliveryMode="PERSISTENT"/>
          <con:parameters/>
          <con:parameterOrder/>
        </con:request>
      </con:method>
    </con:resource>
  </con:interface>
  <con:testSuite id="90ca1baa-8829-43d3-baf5-fb1d06515121" name="https://petstore.swagger.io TestSuite">
    <con:settings/>
    <con:savedRecentRuns>1</con:savedRecentRuns>
    <con:runType>SEQUENTIAL</con:runType>
    <con:testCase id="8b787d93-3e5a-4dc3-b95e-5c34bdb11607" discardOkResults="false" failOnError="true" failTestCaseOnErrors="true" keepSession="false" name="https://petstore.swagger.io TestCase 1" searchProperties="true" timeout="0">
      <con:settings/>
      <con:savedRecentRuns>1</con:savedRecentRuns>
      <con:testStep type="restrequest" name="Request 1" id="b9e292d7-0c0c-432a-beb4-e866f4049539">
        <con:settings/>
        <con:config service="https://petstore.swagger.io" resourcePath="/v2/pet/{petID}" methodName="Pet" xsi:type="con:RestRequestStep" xmlns:xsi="http://www.w3.org/2001/XMLSchema-instance">
          <con:restRequest name="Request 1" id="230416a6-0898-4684-b586-09f73eab2ff1" mediaType="application/json" postQueryString="false">
            <con:settings>
              <con:setting id="com.eviware.soapui.impl.wsdl.WsdlRequest@request-headers">&lt;xml-fragment/></con:setting>
            </con:settings>
            <con:endpoint>https://petstore.swagger.io</con:endpoint>
            <con:request>{
    "id": ${#petID},
    "category": {
        "id": 0,
        "name": "string"
    },
    "name": "${#petName}",
    "photoUrls": [
        "string"
    ],
    "tags": [{
        "id": 0,
        "name": "string"
    }],
    "status": "available"
}</con:request>
            <con:originalUri>https://petstore.swagger.io/v2/pet</con:originalUri>
            <con:credentials>
              <con:selectedAuthProfile>No Authorization</con:selectedAuthProfile>
              <con:authType>No Authorization</con:authType>
            </con:credentials>
            <con:jmsConfig JMSDeliveryMode="PERSISTENT"/>
            <con:parameters/>
            <con:parameterOrder/>
          </con:restRequest>
        </con:config>
      </con:testStep>
      <con:testStep type="restrequest" name="Delete Request" id="e1848bea-12bb-48b2-b0fd-a93c12851e4b">
        <con:settings/>
        <con:config service="https://petstore.swagger.io" resourcePath="/v2/pet/{petID}" methodName="Pet" xsi:type="con:RestRequestStep" xmlns:xsi="http://www.w3.org/2001/XMLSchema-instance">
          <con:restRequest name="Delete Request" id="df5a4e51-9113-4f3d-ac2f-06070e3e93e0" mediaType="application/json" postQueryString="false">
            <con:settings>
              <con:setting id="com.eviware.soapui.impl.wsdl.WsdlRequest@request-headers">&lt;xml-fragment/></con:setting>
            </con:settings>
            <con:endpoint>https://petstore.swagger.io</con:endpoint>
            <con:request/>
            <con:originalUri>https://petstore.swagger.io/</con:originalUri>
            <con:credentials>
              <con:selectedAuthProfile>No Authorization</con:selectedAuthProfile>
              <con:authType>No Authorization</con:authType>
            </con:credentials>
            <con:jmsConfig JMSDeliveryMode="PERSISTENT"/>
            <con:parameters/>
            <con:parameterOrder/>
          </con:restRequest>
        </con:config>
      </con:testStep>
      <con:setupScript>//Setting petID
context.setProperty("petID", "1302842")

//Setting petName
context.setProperty("petName", "Timmy")</con:setupScript>
      <con:properties/>
      <con:reportParameters/>
    </con:testCase>
    <con:properties/>
    <con:tearDownScript>//remove petID
context.removeProperty("petID")

//remove petName
context.removeProperty("petName")</con:tearDownScript>
    <con:reportParameters/>
  </con:testSuite>
  <con:savedRecentRuns>1</con:savedRecentRuns>
  <con:requirements/>
  <con:properties/>
  <con:wssContainer/>
  <con:databaseConnectionContainer/>
  <con:jmsConnectionContainer/>
  <con:oAuth2ProfileContainer/>
  <con:oAuth1ProfileContainer/>
  <con:reporting>
    <con:reportTemplates/>
    <con:xmlTemplates/>
    <con:xmlTemplates/>
    <con:parameters/>
    <con:parameters/>
  </con:reporting>
  <con:reporting/>
  <con:eventHandlers type="RequestFilter.filterRequest" name="RequestFilter.filterRequest">
    <con:script>// Sample event script to add custom HTTP header to all outgoing REST, SOAP and HTTP(S) calls
// This code is often used for adding custom authentication to SoapUI Pro tests

// If hardcoding the token, uncomment and change line 5
// token = '4567'

// If your token is parameterized in Project level custom property, uncomment line 8
// token = request.parent.testCase.testSuite.project.getProperty('auth_token').getValue()

// To modify all outgoing calls, remove comments from lines 11 to 16
// headers = request.requestHeaders
// if (headers.containsKey('auth_token2') == false) {
//   headers.put('auth_token2', token)
//   request.requestHeaders = headers
// }</con:script>
  </con:eventHandlers>
  <con:eventHandlers type="TestRunListener.afterStep" name="TestRunListener.afterStep">
    <con:script>// Save all test step results into files
// Change the directory path in line 5 to a location where you want to store details
// then uncomment lines 5 to 10

// filePath = 'C:\\tempOutputDirectory\\'
// fos = new java.io.FileOutputStream(filePath + testStepResult.testStep.label + '.txt', true)
// pw = new java.io.PrintWriter(fos)
// testStepResult.writeTo(pw)
// pw.close()
// fos.close()</con:script>
  </con:eventHandlers>
  <con:authRepository/>
  <con:tags/>
</con:soapui-project>
