<?xml version="1.0" encoding="UTF-8"?>
<con:soapui-project id="6454a8ac-75bc-4f42-a754-d9fc4a329477" activeEnvironment="Default environment" name="REST Project 1" resourceRoot="" soapui-version="5.5.0" abortOnError="false" runType="SEQUENTIAL" encryptionMode="Not encrypted" updated="3.3.0 2020-06-26T16:21:32Z" xmlns:con="http://eviware.com/soapui/config">
  <con:settings/>
  <con:interface xsi:type="con:RestService" id="157d0ba2-d62e-4f2c-a518-923052cdf208" wadlVersion="http://wadl.dev.java.net/2009/02" name="https://petstore.swagger.io" type="rest" xmlns:xsi="http://www.w3.org/2001/XMLSchema-instance">
    <con:settings/>
    <con:definitionCache type="TEXT" rootPart=""/>
    <con:endpoints>
      <con:endpoint>https://petstore.swagger.io</con:endpoint>
    </con:endpoints>
    <con:resource name="FindByStatus" path="/v2/pet/findByStatus" id="00738f8a-33fb-4281-87de-92f36637c8a4">
      <con:settings/>
      <con:parameters>
        <con:parameter>
          <con:name>status</con:name>
          <con:value>sold</con:value>
          <con:style>QUERY</con:style>
          <con:default>sold</con:default>
          <con:path xsi:nil="true"/>
          <con:description xsi:nil="true"/>
        </con:parameter>
      </con:parameters>
      <con:method name="FindByStatus 1" id="7efbd954-30f3-4884-a713-1e8d8e4f8b96" method="GET">
        <con:settings/>
        <con:parameters/>
        <con:representation type="RESPONSE">
          <con:mediaType>application/json</con:mediaType>
          <con:status>200</con:status>
          <con:params/>
          <con:element>Response</con:element>
        </con:representation>
        <con:request name="getrequest" id="12c94fb2-c61e-4e93-bc91-211fd5a8f151" mediaType="application/json">
          <con:settings>
            <con:setting id="com.eviware.soapui.impl.wsdl.WsdlRequest@request-headers">&lt;xml-fragment/></con:setting>
          </con:settings>
          <con:endpoint>https://petstore.swagger.io</con:endpoint>
          <con:request/>
          <con:originalUri>https://petstore.swagger.io/v2/pet/findByStatus</con:originalUri>
          <con:credentials>
            <con:selectedAuthProfile>No Authorization</con:selectedAuthProfile>
            <con:authType>No Authorization</con:authType>
          </con:credentials>
          <con:jmsConfig JMSDeliveryMode="PERSISTENT"/>
          <con:jmsPropertyConfig/>
          <con:parameters>
            <entry key="status" value="sold" xmlns="http://eviware.com/soapui/config"/>
          </con:parameters>
          <con:parameterOrder>
            <con:entry>status</con:entry>
          </con:parameterOrder>
        </con:request>
        <con:request name="post" id="6d51f728-6702-46bf-8cea-c3b3ec69a72f" mediaType="application/json">
          <con:settings/>
          <con:endpoint>https://petstore.swagger.io</con:endpoint>
          <con:credentials>
            <con:selectedAuthProfile>No Authorization</con:selectedAuthProfile>
            <con:authType>No Authorization</con:authType>
          </con:credentials>
          <con:parameters/>
        </con:request>
      </con:method>
    </con:resource>
  </con:interface>
  <con:testSuite id="0d34c556-48a3-427b-92aa-9148c07a62a5" name="petstestsuite1">
    <con:settings/>
    <con:runType>SEQUENTIAL</con:runType>
    <con:testCase id="e76b4cc3-4b8a-498a-ba26-684c62824892" failOnError="true" failTestCaseOnErrors="true" keepSession="false" maxResults="0" name="petsgetsoldpettestcase" searchProperties="true">
      <con:settings/>
      <con:testStep type="restrequest" name="FindByStatus 1 - getrequest" id="d3cef728-dd70-45c8-81a0-a5ff08fc28e2">
        <con:settings/>
        <con:config service="https://petstore.swagger.io" resourcePath="/v2/pet/findByStatus" methodName="FindByStatus 1" xsi:type="con:RestRequestStep" xmlns:xsi="http://www.w3.org/2001/XMLSchema-instance">
          <con:restRequest name="FindByStatus 1 - getrequest" id="12c94fb2-c61e-4e93-bc91-211fd5a8f151" mediaType="application/json">
            <con:settings>
              <con:setting id="com.eviware.soapui.impl.wsdl.WsdlRequest@request-headers">&lt;xml-fragment/></con:setting>
            </con:settings>
            <con:endpoint>https://petstore.swagger.io</con:endpoint>
            <con:request/>
            <con:originalUri>https://petstore.swagger.io/v2/pet/findByStatus</con:originalUri>
            <con:assertion type="JsonPath Count" id="41ae596f-0ff2-4d0c-a36f-4f209cf0ad4e" name="JsonPath Count">
              <con:configuration>
                <path>$[0][id]</path>
                <content>1</content>
                <allowWildcards>false</allowWildcards>
                <ignoreNamspaceDifferences>false</ignoreNamspaceDifferences>
                <ignoreComments>false</ignoreComments>
              </con:configuration>
            </con:assertion>
            <con:assertion type="Simple Contains" id="925e5bb9-012c-415d-9c0c-5067dce9ab20" name="Contains">
              <con:configuration>
                <token>photoUrls</token>
                <ignoreCase>false</ignoreCase>
                <useRegEx>false</useRegEx>
              </con:configuration>
            </con:assertion>
            <con:assertion type="JsonPath Existence Match" id="a10d1fee-860b-4e3b-abce-a02bf70d21ed" name="JsonPath Existence Match">
              <con:configuration>
                <path>$[0][id]</path>
                <content>true</content>
                <allowWildcards>false</allowWildcards>
                <ignoreNamspaceDifferences>false</ignoreNamspaceDifferences>
                <ignoreComments>false</ignoreComments>
              </con:configuration>
            </con:assertion>
            <con:assertion type="JsonPath Match" id="21f40d97-4220-40ae-ae63-2018e0832e0a" name="JsonPath Match">
              <con:configuration>
                <path>$[0][id]</path>
                <content>102900109</content>
                <allowWildcards>false</allowWildcards>
                <ignoreNamspaceDifferences>false</ignoreNamspaceDifferences>
                <ignoreComments>false</ignoreComments>
              </con:configuration>
            </con:assertion>
            <con:assertion type="JsonPath Match" id="680f4370-db61-491a-995e-9132653a1f8d" name="JsonPath Match 1">
              <con:configuration>
                <path>$[0][category][id]</path>
                <content>0</content>
                <allowWildcards>false</allowWildcards>
                <ignoreNamspaceDifferences>false</ignoreNamspaceDifferences>
                <ignoreComments>false</ignoreComments>
              </con:configuration>
            </con:assertion>
            <con:credentials>
              <con:selectedAuthProfile>No Authorization</con:selectedAuthProfile>
              <con:authType>No Authorization</con:authType>
            </con:credentials>
            <con:jmsConfig JMSDeliveryMode="PERSISTENT"/>
            <con:jmsPropertyConfig/>
            <con:parameters>
              <entry key="status" value="sold" xmlns="http://eviware.com/soapui/config"/>
            </con:parameters>
            <con:parameterOrder>
              <con:entry>status</con:entry>
            </con:parameterOrder>
          </con:restRequest>
        </con:config>
      </con:testStep>
      <con:testStep type="restrequest" name="testcase2pendinggetpets" id="6fd098dd-ef16-4ab7-8f91-2353ece19358">
        <con:settings/>
        <con:config service="https://petstore.swagger.io" methodName="FindByStatus 1" resourcePath="/v2/pet/findByStatus" xsi:type="con:RestRequestStep" xmlns:xsi="http://www.w3.org/2001/XMLSchema-instance">
          <con:restRequest name="testcase2pendinggetpets" id="a19649c4-5357-4ba6-961d-e3612555fad2" mediaType="application/json">
            <con:settings>
              <con:setting id="com.eviware.soapui.impl.wsdl.WsdlRequest@request-headers">&lt;xml-fragment/></con:setting>
            </con:settings>
            <con:encoding>UTF-8</con:encoding>
            <con:endpoint>https://petstore.swagger.io</con:endpoint>
            <con:request/>
            <con:originalUri>https://petstore.swagger.io/v2/pet/findByStatus</con:originalUri>
            <con:credentials>
              <con:selectedAuthProfile>No Authorization</con:selectedAuthProfile>
              <con:authType>No Authorization</con:authType>
            </con:credentials>
            <con:jmsConfig JMSDeliveryMode="PERSISTENT"/>
            <con:jmsPropertyConfig/>
            <con:parameters>
              <entry key="status" value="pending" xmlns="http://eviware.com/soapui/config"/>
            </con:parameters>
          </con:restRequest>
        </con:config>
      </con:testStep>
      <con:testStep type="restrequest" name="testcase3availablepetsusing get method" id="acd753f0-7841-477f-8542-3a01e7193877">
        <con:settings/>
        <con:config service="https://petstore.swagger.io" methodName="FindByStatus 1" resourcePath="/v2/pet/findByStatus" xsi:type="con:RestRequestStep" xmlns:xsi="http://www.w3.org/2001/XMLSchema-instance">
          <con:restRequest name="testcase3availablepetsusing get method" id="dbdffb08-3b68-4eb2-a101-623cc4d8d327" mediaType="application/json">
            <con:settings>
              <con:setting id="com.eviware.soapui.impl.wsdl.WsdlRequest@request-headers">&lt;xml-fragment/></con:setting>
            </con:settings>
            <con:encoding>UTF-8</con:encoding>
            <con:endpoint>https://petstore.swagger.io</con:endpoint>
            <con:request/>
            <con:originalUri>https://petstore.swagger.io/v2/pet/findByStatus</con:originalUri>
            <con:assertion type="Simple Contains" id="25a085e0-92d7-416e-ba28-6a968ccc803e" name="Contains">
              <con:configuration>
                <token>available</token>
                <ignoreCase>false</ignoreCase>
                <useRegEx>false</useRegEx>
              </con:configuration>
            </con:assertion>
            <con:credentials>
              <con:selectedAuthProfile>No Authorization</con:selectedAuthProfile>
              <con:authType>No Authorization</con:authType>
            </con:credentials>
            <con:jmsConfig JMSDeliveryMode="PERSISTENT"/>
            <con:jmsPropertyConfig/>
            <con:parameters>
              <entry key="status" value="available" xmlns="http://eviware.com/soapui/config"/>
            </con:parameters>
          </con:restRequest>
        </con:config>
      </con:testStep>
      <con:properties/>
      <con:reportParameters/>
    </con:testCase>
    <con:properties/>
    <con:reportParameters/>
  </con:testSuite>
  <con:properties/>
  <con:wssContainer/>
  <con:databaseConnectionContainer/>
  <con:jmsConnectionContainer/>
  <con:oAuth2ProfileContainer/>
  <con:oAuth1ProfileContainer/>
  <con:reporting>
    <con:xmlTemplates/>
    <con:parameters/>
  </con:reporting>
  <con:sensitiveInformation/>
  <con:authRepository/>
  <con:tags/>
</con:soapui-project>
