<?xml version="1.0" encoding="UTF-8"?>
<con:soapui-project id="b9fe6445-aa0d-487a-ae29-60cf7288afee" created="3.3.0" activeEnvironment="Default environment" name="REST Project 3" resourceRoot="" updated="3.3.0 2020-06-26T16:21:32Z" encryptionMode="Not encrypted" xmlns:con="http://eviware.com/soapui/config">
  <con:settings/>
  <con:interface xsi:type="con:RestService" id="bf8eec24-9518-49ce-81c2-c5f728f644c5" wadlVersion="http://wadl.dev.java.net/2009/02" name="http://www.datasciencetoolkit.org" type="rest" xmlns:xsi="http://www.w3.org/2001/XMLSchema-instance">
    <con:settings/>
    <con:definitionCache type="TEXT" rootPart=""/>
    <con:endpoints>
      <con:endpoint>http://www.datasciencetoolkit.org</con:endpoint>
    </con:endpoints>
    <con:resource name="Json" path="/maps/api/geocode/json" id="13536ae4-d940-43b9-823f-405f5a3f05f0">
      <con:settings/>
      <con:parameters/>
      <con:method name="Json" id="a654706a-4824-45c3-b0f6-68e3d361ed15" method="GET">
        <con:settings/>
        <con:parameters>
          <con:parameter required="true">
            <con:name>address</con:name>
            <con:value>Coconut Creek</con:value>
            <con:style>QUERY</con:style>
            <con:default>Coconut Creek</con:default>
            <con:path xsi:nil="true"/>
            <con:description xsi:nil="true"/>
          </con:parameter>
        </con:parameters>
        <con:representation type="RESPONSE">
          <con:mediaType>application/json</con:mediaType>
          <con:status>200</con:status>
          <con:params/>
          <con:element xmlns:json="http://www.datasciencetoolkit.org/maps/api/geocode/json">json:Response</con:element>
        </con:representation>
        <con:request name="Request 1" id="3190bcf2-f533-4f49-9bb7-7263cf7a5e13" mediaType="application/json">
          <con:settings/>
          <con:endpoint>http://www.datasciencetoolkit.org</con:endpoint>
          <con:credentials>
            <con:selectedAuthProfile>No Authorization</con:selectedAuthProfile>
            <con:authType>No Authorization</con:authType>
          </con:credentials>
          <con:parameters>
            <con:entry key="address" value="Coconut Creek"/>
          </con:parameters>
          <con:parameterOrder>
            <con:entry>address</con:entry>
          </con:parameterOrder>
        </con:request>
      </con:method>
    </con:resource>
  </con:interface>
  <con:testSuite id="ac0bb764-4d1e-4e4f-8849-0de27de05c4e" name="http://www.datasciencetoolkit.org TestSuite">
    <con:settings/>
    <con:runType>SEQUENTIAL</con:runType>
    <con:testCase id="b2be8d60-7386-41f8-8179-16989d511dc2" discardOkResults="false" failOnError="true" failTestCaseOnErrors="true" keepSession="false" name="http://www.datasciencetoolkit.org TestCase 1" searchProperties="true" timeout="0">
      <con:settings/>
      <con:savedRecentRuns>1</con:savedRecentRuns>
      <con:testStep type="datasource" name="Data source" id="271e8dfc-a9c6-4098-af5c-62ec7327b0dc">
        <con:settings/>
        <con:config xsi:type="con:DataSourceStep" xmlns:xsi="http://www.w3.org/2001/XMLSchema-instance">
          <con:dataSource type="Excel">
            <con:configuration>
              <file>C:/Users/IncharaRamesh/Desktop/readyapiexcel.xlsx</file>
              <worksheet/>
              <cell>A2</cell>
              <ignoreEmpty>false</ignoreEmpty>
              <evaluateFormulas>false</evaluateFormulas>
            </con:configuration>
          </con:dataSource>
          <con:shared>false</con:shared>
          <con:restartShared>false</con:restartShared>
          <con:property>City</con:property>
          <con:property>Expected Result</con:property>
          <con:restartOnRun>true</con:restartOnRun>
        </con:config>
      </con:testStep>
      <con:testStep type="restrequest" name="Request 1" id="0a9215c7-5de1-46d6-907e-af7e02daae8d">
        <con:settings/>
        <con:config service="http://www.datasciencetoolkit.org" resourcePath="/maps/api/geocode/json" methodName="Json" xsi:type="con:RestRequestStep" xmlns:xsi="http://www.w3.org/2001/XMLSchema-instance">
          <con:restRequest name="Request 1" id="3190bcf2-f533-4f49-9bb7-7263cf7a5e13" mediaType="application/json">
            <con:settings>
              <con:setting id="com.eviware.soapui.impl.wsdl.WsdlRequest@request-headers">&lt;xml-fragment/></con:setting>
            </con:settings>
            <con:endpoint>http://www.datasciencetoolkit.org</con:endpoint>
            <con:request/>
            <con:originalUri>http://www.datasciencetoolkit.org/maps/api/geocode/json</con:originalUri>
            <con:assertion type="JsonPath Match" id="c4c6dcb8-9092-4a29-bb95-b4bd29d03d4e" name="JSONPath Match">
              <con:configuration>
                <path>$['results'][0]['address_components'][0]['short_name']</path>
                <content>${Data source#City}</content>
                <allowWildcards>false</allowWildcards>
                <ignoreNamspaceDifferences>false</ignoreNamspaceDifferences>
                <ignoreComments>false</ignoreComments>
              </con:configuration>
            </con:assertion>
            <con:credentials>
              <con:selectedAuthProfile>No Authorization</con:selectedAuthProfile>
              <con:authType>No Authorization</con:authType>
            </con:credentials>
            <con:jmsConfig JMSDeliveryMode="PERSISTENT"/>
            <con:parameters>
              <con:entry key="address" value="${Data source#City}"/>
            </con:parameters>
            <con:parameterOrder>
              <con:entry>address</con:entry>
            </con:parameterOrder>
          </con:restRequest>
        </con:config>
      </con:testStep>
      <con:testStep type="datasourceloop" name="DataSource Loop" id="9cc85dbb-094d-493a-913b-7c56193df1d4">
        <con:settings/>
        <con:config>
          <dataSourceStep>Data source</dataSourceStep>
          <targetStep>Request 1</targetStep>
          <discardResults>true</discardResults>
        </con:config>
      </con:testStep>
      <con:properties/>
      <con:reportParameters/>
    </con:testCase>
    <con:properties/>
    <con:reportParameters/>
  </con:testSuite>
  <con:requirements/>
  <con:properties/>
  <con:wssContainer/>
  <con:databaseConnectionContainer/>
  <con:jmsConnectionContainer/>
  <con:oAuth2ProfileContainer/>
  <con:oAuth1ProfileContainer/>
  <con:reporting>
    <con:reportTemplates/>
    <con:xmlTemplates/>
    <con:xmlTemplates/>
    <con:parameters/>
    <con:parameters/>
  </con:reporting>
  <con:reporting/>
  <con:eventHandlers type="RequestFilter.filterRequest" name="RequestFilter.filterRequest">
    <con:script>// Sample event script to add custom HTTP header to all outgoing REST, SOAP and HTTP(S) calls
// This code is often used for adding custom authentication to SoapUI Pro tests

// If hardcoding the token, uncomment and change line 5
// token = '4567'

// If your token is parameterized in Project level custom property, uncomment line 8
// token = request.parent.testCase.testSuite.project.getProperty('auth_token').getValue()

// To modify all outgoing calls, remove comments from lines 11 to 16
// headers = request.requestHeaders
// if (headers.containsKey('auth_token2') == false) {
//   headers.put('auth_token2', token)
//   request.requestHeaders = headers
// }</con:script>
  </con:eventHandlers>
  <con:eventHandlers type="TestRunListener.afterStep" name="TestRunListener.afterStep">
    <con:script>// Save all test step results into files
// Change the directory path in line 5 to a location where you want to store details
// then uncomment lines 5 to 10

// filePath = 'C:\\tempOutputDirectory\\'
// fos = new java.io.FileOutputStream(filePath + testStepResult.testStep.label + '.txt', true)
// pw = new java.io.PrintWriter(fos)
// testStepResult.writeTo(pw)
// pw.close()
// fos.close()</con:script>
  </con:eventHandlers>
  <con:authRepository/>
  <con:tags/>
</con:soapui-project>
