<?xml version="1.0" encoding="UTF-8"?>
<con:soapui-project id="f6ec0994-42ad-4b4a-8cb3-604e80b1eb42" created="3.3.0" activeEnvironment="Default environment" name="REST Project 5" updated="3.3.0 2020-06-26T16:21:32Z" encryptionMode="Not encrypted" resourceRoot="" xmlns:con="http://eviware.com/soapui/config">
  <con:settings>
    <con:setting id="IncludeOverview">true</con:setting>
    <con:setting id="IncludeResults">true</con:setting>
    <con:setting id="FlowLayout">false</con:setting>
    <con:setting id="ErrorDetails">true</con:setting>
    <con:setting id="IncludeCoverage">true</con:setting>
    <con:setting id="GeneratableJUnitReport@Style">Single Page (Print)</con:setting>
    <con:setting id="GeneratableJUnitReport@Folder">C:\Users\IncharaRamesh\Desktop\New folder (4)</con:setting>
    <con:setting id="GeneratableAllureReport@Folder">C:\Users\IncharaRamesh\Desktop\New folder (4)</con:setting>
  </con:settings>
  <con:interface xsi:type="con:RestService" id="c6ad6dea-9582-46bf-ab31-7793a08ff7b5" wadlVersion="http://wadl.dev.java.net/2009/02" name="http://www.datasciencetoolkit.org" type="rest" xmlns:xsi="http://www.w3.org/2001/XMLSchema-instance">
    <con:settings/>
    <con:definitionCache type="TEXT" rootPart=""/>
    <con:endpoints>
      <con:endpoint>http://www.datasciencetoolkit.org</con:endpoint>
    </con:endpoints>
    <con:resource name="Json" path="/maps/api/geocode/json" id="5a8d1f8f-620c-4368-ab30-942091413c73">
      <con:settings/>
      <con:parameters/>
      <con:method name="Json" id="1127de33-3c9e-4960-8d06-8986d4138c33" method="GET">
        <con:settings/>
        <con:parameters>
          <con:parameter required="true">
            <con:name>address</con:name>
            <con:value/>
            <con:style>QUERY</con:style>
            <con:default/>
            <con:path xsi:nil="true"/>
            <con:description xsi:nil="true"/>
          </con:parameter>
        </con:parameters>
        <con:representation type="RESPONSE">
          <con:mediaType>application/json</con:mediaType>
          <con:status>200</con:status>
          <con:params/>
          <con:element xmlns:json="http://www.datasciencetoolkit.org/maps/api/geocode/json">json:Response</con:element>
        </con:representation>
        <con:request name="Request 1" id="d86ae4d8-31eb-4c29-928e-f918b4ff4f4f" mediaType="application/json">
          <con:settings/>
          <con:endpoint>http://www.datasciencetoolkit.org</con:endpoint>
          <con:credentials>
            <con:selectedAuthProfile>No Authorization</con:selectedAuthProfile>
            <con:authType>No Authorization</con:authType>
          </con:credentials>
          <con:parameters>
            <con:entry key="address" value=""/>
          </con:parameters>
          <con:parameterOrder>
            <con:entry>address</con:entry>
          </con:parameterOrder>
        </con:request>
      </con:method>
    </con:resource>
  </con:interface>
  <con:testSuite id="d01fdc6e-2989-4462-85f6-7a500d7ae94d" name="http://www.datasciencetoolkit.org TestSuite">
    <con:settings/>
    <con:savedRecentRuns>1</con:savedRecentRuns>
    <con:runType>SEQUENTIAL</con:runType>
    <con:testCase id="1e794c42-e4ad-4049-8aba-f6ba4ab9eab0" discardOkResults="false" failOnError="true" failTestCaseOnErrors="true" keepSession="false" name="http://www.datasciencetoolkit.org TestCase 1" searchProperties="true" timeout="0">
      <con:settings>
        <con:setting id="IncludeOverview">true</con:setting>
        <con:setting id="IncludeResults">true</con:setting>
        <con:setting id="FlowLayout">false</con:setting>
        <con:setting id="ErrorDetails">true</con:setting>
        <con:setting id="IncludeCoverage">true</con:setting>
      </con:settings>
      <con:savedRecentRuns>1</con:savedRecentRuns>
      <con:testStep type="datasource" name="DataSource" id="3b92ce7c-4411-46d9-861f-f3e6d731bcd0">
        <con:settings/>
        <con:config xsi:type="con:DataSourceStep" xmlns:xsi="http://www.w3.org/2001/XMLSchema-instance">
          <con:dataSource type="Data Generator">
            <con:configuration>
              <generatedDataCount>10</generatedDataCount>
              <generatorsTotalNumber>1</generatorsTotalNumber>
              <lastSelectedProperty>-1</lastSelectedProperty>
              <GeneratorType0>ADDRESS</GeneratorType0>
              <PropertyName0>address</PropertyName0>
              <repetitionCountaddress>0</repetitionCountaddress>
              <repeatValuesaddress>false</repeatValuesaddress>
              <AddressDataGeneratorRestrictLength>false</AddressDataGeneratorRestrictLength>
              <AddressDataGeneratorMaxLength>20</AddressDataGeneratorMaxLength>
              <escapeSpaceSequence/>
            </con:configuration>
          </con:dataSource>
          <con:shared>false</con:shared>
          <con:restartShared>false</con:restartShared>
          <con:property>address</con:property>
          <con:restartOnRun>true</con:restartOnRun>
        </con:config>
      </con:testStep>
      <con:testStep type="restrequest" name="Request 1" id="f181c7ae-a4c9-44e4-aff1-10c5ed17e464">
        <con:settings/>
        <con:config service="http://www.datasciencetoolkit.org" resourcePath="/maps/api/geocode/json" methodName="Json" xsi:type="con:RestRequestStep" xmlns:xsi="http://www.w3.org/2001/XMLSchema-instance">
          <con:restRequest name="Request 1" id="d86ae4d8-31eb-4c29-928e-f918b4ff4f4f" mediaType="application/json">
            <con:settings>
              <con:setting id="com.eviware.soapui.impl.wsdl.WsdlRequest@request-headers">&lt;xml-fragment/></con:setting>
            </con:settings>
            <con:endpoint>http://www.datasciencetoolkit.org</con:endpoint>
            <con:request/>
            <con:originalUri>http://www.datasciencetoolkit.org/maps/api/geocode/json</con:originalUri>
            <con:credentials>
              <con:selectedAuthProfile>No Authorization</con:selectedAuthProfile>
              <con:authType>No Authorization</con:authType>
            </con:credentials>
            <con:jmsConfig JMSDeliveryMode="PERSISTENT"/>
            <con:parameters>
              <con:entry key="address" value="${DataSource#address}"/>
            </con:parameters>
            <con:parameterOrder>
              <con:entry>address</con:entry>
            </con:parameterOrder>
          </con:restRequest>
        </con:config>
      </con:testStep>
      <con:testStep type="transfer" name="PropertyTransfer 1" id="4e8efe85-15a9-41cb-91dc-3e3578b48be7">
        <con:settings/>
        <con:config xsi:type="con:PropertyTransfersStep" xmlns:xsi="http://www.w3.org/2001/XMLSchema-instance">
          <con:transfers setNullOnMissingSource="true" transferTextContent="true" failOnError="true" transferToAll="false" entitize="false" ignoreEmpty="false" transferChildNodes="false">
            <con:name>lat</con:name>
            <con:sourceType>Response</con:sourceType>
            <con:sourceStep>Request 1</con:sourceStep>
            <con:sourcePath>$['results'][0]['geometry']['location']['lat']</con:sourcePath>
            <con:targetType>lat</con:targetType>
            <con:targetStep>DataSink</con:targetStep>
            <con:targetPath/>
            <con:type>JSONPATH</con:type>
            <con:upgraded>true</con:upgraded>
          </con:transfers>
          <con:transfers setNullOnMissingSource="true" transferTextContent="true" failOnError="true" ignoreEmpty="false" transferToAll="false" entitize="false" transferChildNodes="false">
            <con:name>lng</con:name>
            <con:sourceType>Response</con:sourceType>
            <con:sourceStep>Request 1</con:sourceStep>
            <con:sourcePath>$['results'][0]['geometry']['location']['lng']</con:sourcePath>
            <con:targetType>lng</con:targetType>
            <con:targetStep>DataSink</con:targetStep>
            <con:targetPath/>
            <con:type>JSONPATH</con:type>
            <con:upgraded>true</con:upgraded>
          </con:transfers>
        </con:config>
      </con:testStep>
      <con:testStep type="datasink" name="DataSink" id="69af87e4-085d-408b-ae66-89386f5cbf83">
        <con:settings/>
        <con:config xsi:type="con:DataSinkStep" xmlns:xsi="http://www.w3.org/2001/XMLSchema-instance">
          <con:dataSink type="JDBC">
            <con:configuration>
              <driver>com.mysql.jdbc.Driver</driver>
              <connstr>jdbc:mysql://db4free.net:3306/soapuitesting?user=soapuiuser&amp;password=PASS_VALUE</connstr>
              <pass>soapuipassword</pass>
              <Connection>jdbc connection( Default environment )</Connection>
              <query>insert into coordinates(lat,lng) values (?,?);</query>
              <stored-procedure>false</stored-procedure>
            </con:configuration>
          </con:dataSink>
          <con:properties>
            <con:property>
              <con:name>lat</con:name>
              <con:value>8.0</con:value>
            </con:property>
            <con:property>
              <con:name>lng</con:name>
              <con:value>-2.0</con:value>
            </con:property>
          </con:properties>
        </con:config>
      </con:testStep>
      <con:testStep type="datasourceloop" name="DataSource Loop" id="93f5ba86-172c-4cff-9110-56087ca1426d">
        <con:settings/>
        <con:config>
          <dataSourceStep>DataSource</dataSourceStep>
          <targetStep>Request 1</targetStep>
          <discardResults>true</discardResults>
        </con:config>
      </con:testStep>
      <con:properties/>
      <con:reportParameters/>
      <con:breakPoints>
        <con:testStepId>3b92ce7c-4411-46d9-861f-f3e6d731bcd0</con:testStepId>
        <con:status>NONE</con:status>
        <con:properties/>
      </con:breakPoints>
      <con:breakPoints>
        <con:testStepId>69af87e4-085d-408b-ae66-89386f5cbf83</con:testStepId>
        <con:status>NONE</con:status>
        <con:properties/>
      </con:breakPoints>
    </con:testCase>
    <con:properties/>
    <con:reportParameters/>
  </con:testSuite>
  <con:savedRecentRuns>1</con:savedRecentRuns>
  <con:requirements/>
  <con:properties/>
  <con:wssContainer/>
  <con:databaseConnectionContainer>
    <con:databaseConnection>
      <con:name>jdbc connection</con:name>
      <con:driver>com.mysql.jdbc.Driver</con:driver>
      <con:connectionString>jdbc:mysql://db4free.net:3306/soapuitesting?user=soapuiuser&amp;password=PASS_VALUE</con:connectionString>
      <con:password>soapuipassword</con:password>
      <con:connectionProperties/>
    </con:databaseConnection>
  </con:databaseConnectionContainer>
  <con:jmsConnectionContainer/>
  <con:oAuth2ProfileContainer/>
  <con:oAuth1ProfileContainer/>
  <con:reporting>
    <con:reportTemplates/>
    <con:xmlTemplates/>
    <con:xmlTemplates/>
    <con:parameters/>
    <con:parameters/>
  </con:reporting>
  <con:reporting/>
  <con:eventHandlers type="RequestFilter.filterRequest" name="RequestFilter.filterRequest">
    <con:script>// Sample event script to add custom HTTP header to all outgoing REST, SOAP and HTTP(S) calls
// This code is often used for adding custom authentication to SoapUI Pro tests

// If hardcoding the token, uncomment and change line 5
// token = '4567'

// If your token is parameterized in Project level custom property, uncomment line 8
// token = request.parent.testCase.testSuite.project.getProperty('auth_token').getValue()

// To modify all outgoing calls, remove comments from lines 11 to 16
// headers = request.requestHeaders
// if (headers.containsKey('auth_token2') == false) {
//   headers.put('auth_token2', token)
//   request.requestHeaders = headers
// }</con:script>
  </con:eventHandlers>
  <con:eventHandlers type="TestRunListener.afterStep" name="TestRunListener.afterStep">
    <con:script>// Save all test step results into files
// Change the directory path in line 5 to a location where you want to store details
// then uncomment lines 5 to 10

// filePath = 'C:\\tempOutputDirectory\\'
// fos = new java.io.FileOutputStream(filePath + testStepResult.testStep.label + '.txt', true)
// pw = new java.io.PrintWriter(fos)
// testStepResult.writeTo(pw)
// pw.close()
// fos.close()</con:script>
  </con:eventHandlers>
  <con:authRepository/>
  <con:tags/>
</con:soapui-project>
